name,office,party,state,district
GREENE CLIFFORD MARK,H,DEMOCRATIC PARTY,AK,0
CRAWFORD HARRY T JR,H,DEMOCRATIC PARTY,AK,0
COX JOHN R.,H,REPUBLICAN PARTY,AK,0
"PARNELL KEVIN ""PAT""",H,DEMOCRATIC PARTY,AK,1
DEVENS JOHN S,H,DEMOCRATIC PARTY,AK,0
FISHER SHELDON ALLRED,H,REPUBLICAN PARTY,AK,0
BOZEMAN MARTHA RENEE,H,UNKNOWN,AL,7
GOUNARES PETER HUNTER,H,REPUBLICAN PARTY,AL,1
WALTER DAVID MARSH,H,CONSTITUTION PARTY,AL,1
CARL JERRY LEE JR,H,REPUBLICAN PARTY,AL,1
LAMBERT DOUGLAS WESTLEY III,H,REPUBLICAN PARTY,AL,1
PRINGLE CHRISTOPHER PAUL,H,REPUBLICAN PARTY,AL,1
HIGHTOWER BILL,H,REPUBLICAN PARTY,AL,1
AVERHART JAMES,H,DEMOCRATIC PARTY,AL,2
GARDNER KIANI A,H,DEMOCRATIC PARTY,AL,1
CASTORANI JOHN,H,REPUBLICAN PARTY,AL,1
COLLINS FREDERICK G. RICK',H,DEMOCRATIC PARTY,AL,1
BAGGIANO FAYE S,H,DEMOCRATIC PARTY,AL,2
MCGAHAN WALLACE BYRON JR,H,LIBERTARIAN PARTY,AL,2
ROBY MARTHA,H,REPUBLICAN PARTY,AL,2
BARBER RICK JOE,H,REPUBLICAN PARTY,AL,2
BELL STEPHANIE WOLFE,H,REPUBLICAN PARTY,AL,2
DISMUKES WILL,H,REPUBLICAN PARTY,AL,2
COLEMAN JEFF,H,REPUBLICAN PARTY,AL,2
KING TROY,H,REPUBLICAN PARTY,AL,2
BROWN THOMAS WILLIAM JR.,H,REPUBLICAN PARTY,AL,2
TAYLOR JESSICA,H,REPUBLICAN PARTY,AL,2
HASDORFF TERRI,H,REPUBLICAN PARTY,AL,2
HARVEY-HALL PHYLLIS,H,DEMOCRATIC PARTY,AL,2
BROWDER JOHN GLEN,H,DEMOCRATIC PARTY,AL,3
ROBBINS RAY F II,H,REPUBLICAN PARTY,AL,3
RICE JOHN,H,REPUBLICAN PARTY,AL,3
ADAMS CHARLES H,H,DEMOCRATIC PARTY,AL,3
JAMES MICHAEL K,H,REPUBLICAN PARTY,AL,3
DIAL GERALD OSCAR,H,DEMOCRATIC PARTY,AL,3
HOLMES DONALD G,H,DEMOCRATIC PARTY,AL,3
PREUITT JAMES E,H,DEMOCRATIC PARTY,AL,3
EVANS CHARLES RAY,H,UNKNOWN,AL,3
SLEDGE ROLAND DONALD,H,REPUBLICAN PARTY,AL,3
SEGREST STEPHEN GRAHAM,H,DEMOCRATIC PARTY,AL,3
FOLSOM MARSHA GUTHRIE,H,DEMOCRATIC PARTY,AL,4
ASQUITH JAMES EDWARD,H,REPUBLICAN PARTY,AL,5
"CRAMER ROBERT E ""BUD"" JR",H,DEMOCRATIC PARTY,AL,5
FROST JAMES EDDIE,H,DEMOCRATIC PARTY,AL,5
GREER BAYLESS LYNN,H,DEMOCRATIC PARTY,AL,5
TERRY GARLAND DOUGLAS,H,DEMOCRATIC PARTY,AL,5
PRATT EVELYN,H,DEMOCRATIC PARTY,AL,5
MCDONALD ALBERT CLYDE,H,REPUBLICAN PARTY,AL,5
WELLS ANNIE BULLARD,H,REPUBLICAN PARTY,AL,5
WOOD DAVID ANDREW,H,DEMOCRATIC PARTY,AL,5
SPEARS WILLIAM EARL,H,DEMOCRATIC PARTY,AL,5
PHILLIP LESTER S,H,REPUBLICAN PARTY,AL,5
BROOKS MO,H,REPUBLICAN PARTY,AL,5
HOWIE MITCHELL JOHN,H,DEMOCRATIC PARTY,AL,5
SHEPARD TAZEWELL,H,DEMOCRATIC PARTY,AL,5
RABY STEPHEN WALKER,H,DEMOCRATIC PARTY,AL,5
LEWIS CHRIS,H,REPUBLICAN PARTY,AL,5
COOKE STANLEY KYLE,H,REPUBLICAN PARTY,AL,6
BARKER MICHAEL DEAN,H,REPUBLICAN PARTY,AL,7
DAVIS ARTUR GENESTRE,H,DEMOCRATIC PARTY,AL,7
MARTIN ED,H,REPUBLICAN PARTY,AL,7
SEWELL TERRI A.,H,DEMOCRATIC PARTY,AL,7
HILLIARD EARL FREDERICK JR,H,DEMOCRATIC PARTY,AL,7
SMOOT SHEILA,H,DEMOCRATIC PARTY,AL,7
PERKINS JAMES JR,H,DEMOCRATIC PARTY,AL,7
MOKOLO PATRICIA EVANS,H,DEMOCRATIC PARTY,AL,7
WALLER MICHELE,H,REPUBLICAN PARTY,AL,7
CHAMBERLAIN DON,H,REPUBLICAN PARTY,AL,7
SALTER CHRIS,H,REPUBLICAN PARTY,AL,7
GIBSON MICHAEL LEE,H,DEMOCRATIC PARTY,AR,1
HAYES TERRY OWEN,H,REPUBLICAN PARTY,AR,1
SUTFIN JASON ERIC,H,REPUBLICAN PARTY,AR,1
MYSHKA SUSAN J,H,REPUBLICAN PARTY,AR,1
CRAWFORD ERIC ALAN RICK,H,REPUBLICAN PARTY,AR,1
CAUSEY CHAD,H,DEMOCRATIC PARTY,AR,1
WOOLRIDGE TYMOTHE (TIM) LYNN,H,DEMOCRATIC PARTY,AR,1
SMITH PRINCELLA D,H,REPUBLICAN PARTY,AR,1
COOK DAVID RAY,H,DEMOCRATIC PARTY,AR,1
BRYLES STEVE MARK,H,DEMOCRATIC PARTY,AR,1
GREEN TERRY GLENN,H,DEMOCRATIC PARTY,AR,1
PONDER BEN,H,DEMOCRATIC PARTY,AR,1
FULLER RON,H,REPUBLICAN PARTY,AR,2
"KEET JAMES HOLLAND III ""JIM KEET""",H,REPUBLICAN PARTY,AR,2
MARTIN ROD D,H,REPUBLICAN PARTY,AR,2
THOMAS ROBERT GRANT,H,REPUBLICAN PARTY,AR,2
MEEKS DAVID MARK EMERSON,H,REPUBLICAN PARTY,AR,2
GRIFFIN JOHN TIMOTHY,H,REPUBLICAN PARTY,AR,2
WALLACE SCOTT,H,REPUBLICAN PARTY,AR,2
WILLS ROBERT DALE JR,H,DEMOCRATIC PARTY,AR,2
ELLIOTT JOYCE ANN,H,DEMOCRATIC PARTY,AR,2
ADAMS JOHN,H,DEMOCRATIC PARTY,AR,2
BOLING DAVID ALAN,H,DEMOCRATIC PARTY,AR,2
KENNEDY PATRICK,H,DEMOCRATIC PARTY,AR,2
REDMOND RAYMOND DALLAS JR.,H,DEMOCRATIC PARTY,AR,4
ELLIOTT JOYCE ANN SENATOR,H,DEMOCRATIC PARTY,AR,2
IVY DANNY CHRIS,H,REPUBLICAN PARTY,AR,3
WHITAKER DAVID JEFFREY,H,DEMOCRATIC PARTY,AR,3
MADDOX KURT E,H,REPUBLICAN PARTY,AR,3
WOMACK STEPHEN A THE HON,H,REPUBLICAN PARTY,AR,3
BLEDSOE CECILE H,H,REPUBLICAN PARTY,AR,3
MOORE MIKE C,H,REPUBLICAN PARTY,AR,3
LOWRY STEVE MR.,H,REPUBLICAN PARTY,AR,3
MATAYO DOUG,H,REPUBLICAN PARTY,AR,3
WILLIAMS CELESTE SARENE,H,DEMOCRATIC PARTY,AR,3
ROOD ROY ELMER,H,REPUBLICAN PARTY,AR,4
ROSS MICHAEL AVERY,H,DEMOCRATIC PARTY,AR,4
HARRIS BRUCE C,H,DEMOCRATIC PARTY,AR,4
GRAHAM CECIL DEWAYNE,H,DEMOCRATIC PARTY,AR,4
GALLAS GLENN EDWARD,H,REPUBLICAN PARTY,AR,4
RANKIN BETH ANNE,H,REPUBLICAN PARTY,AR,4
HANSON WILLIAM MR.,H,DEMOCRATIC PARTY,AR,4
FALEOMAVAEGA ENI,H,DEMOCRATIC PARTY,AS,0
SUNIA FOFO I F CONGRESSMAN,H,DEMOCRATIC PARTY,AS,0
MULITAUAOPELE I,H,DEMOCRATIC PARTY,AS,0
TAGO ACE A,H,INDEPENDENT,AS,0
LUTU AFOA MOEGA,H,INDEPENDENT,AS,0
CRICHTON ORETA TUFAGA-MAPU,H,DEMOCRATIC PARTY,AS,0
WRZESINSKI JOHN T,H,REPUBLICAN PARTY,AZ,1
FLAKE JEFF MR.,H,REPUBLICAN PARTY,AZ,6
LIDDY THOMAS PURCELL,H,REPUBLICAN PARTY,AZ,1
DICICCIO SALVATORE A,H,REPUBLICAN PARTY,AZ,1
GOSAR PAUL DR.,H,REPUBLICAN PARTY,AZ,9
BEAUCHAMP BRADLEY DON,H,REPUBLICAN PARTY,AZ,1
BOWERS RUSSELL WESLEY,H,REPUBLICAN PARTY,AZ,1
MEHTA STEVE,H,REPUBLICAN PARTY,AZ,1
JARACZEWSKI JOE,H,REPUBLICAN PARTY,AZ,1
ZALESKI THOMAS J,H,REPUBLICAN PARTY,AZ,1
JENSEN JON RICHARD,H,REPUBLICAN PARTY,AZ,1
TOBIN ANDY HON.,H,REPUBLICAN PARTY,AZ,1
PUTZOVA EVA,H,DEMOCRATIC PARTY,AZ,1
TAYLOR CHRIS,H,REPUBLICAN PARTY,AZ,1
MOORE JOHN WILLIAM,H,REPUBLICAN PARTY,AZ,1
REIDHEAD NOLAN QUINN MR,H,REPUBLICAN PARTY,AZ,1
SHAMLEY DOYEL,H,REPUBLICAN PARTY,AZ,1
"HUFF RICHARD H ""DICK""",H,REPUBLICAN PARTY,AZ,5
RODRIGUEZ ALBERT F,H,REPUBLICAN PARTY,AZ,2
BLACK CHARLES ROLAND,H,REPUBLICAN PARTY,AZ,2
WADSACK JUSTINE LOUISE,H,REPUBLICAN PARTY,AZ,2
MORGAN JOSEPH DAVID,H,REPUBLICAN PARTY,AZ,2
LIGON MIKE,H,REPUBLICAN PARTY,AZ,2
STAUTZ SHAY,H,REPUBLICAN PARTY,AZ,2
RUDEN NORAN ERIC,H,REPUBLICAN PARTY,AZ,2
QUILTER PETER,H,DEMOCRATIC PARTY,AZ,2
CROFT BOB,H,REPUBLICAN PARTY,AZ,3
HARTSTONE ROGER D,H,DEMOCRATIC PARTY,AZ,1
HULBURD JON,H,DEMOCRATIC PARTY,AZ,3
WARING JAMES F,H,REPUBLICAN PARTY,AZ,3
PARKER VERNON,H,REPUBLICAN PARTY,AZ,9
GORMAN PAMELA DIANE,H,REPUBLICAN PARTY,AZ,3
CRUMP SAMUEL TURRENTINE SR,H,REPUBLICAN PARTY,AZ,3
MORRIS PAULINA VASQUEZ,H,REPUBLICAN PARTY,AZ,3
QUAYLE BEN,H,REPUBLICAN PARTY,AZ,6
HULL LEANN,H,REPUBLICAN PARTY,AZ,3
BRANCH ROBERT ALLEN,H,REPUBLICAN PARTY,AZ,3
MOAK STEVEN CARL,H,REPUBLICAN PARTY,AZ,3
CHARLES ROBERT LINCOLN,H,REPUBLICAN PARTY,AZ,3
RONNEBECK STEVE,H,REPUBLICAN PARTY,AZ,3
WOOD DANIEL,H,REPUBLICAN PARTY,AZ,3
IVEY MARK JR,H,DEMOCRATIC PARTY,AZ,4
CONTRERAS JANET L,H,REPUBLICAN PARTY,AZ,4
PENALOSA JOSE LUIS JR,H,INDEPENDENT,AZ,7
STARKY STUART,H,DEMOCRATIC PARTY,AZ,4
ROBINSON EMILY,H,INDEPENDENT,AZ,4
WARD ANNE MARIE,H,REPUBLICAN PARTY,AZ,4
RYAN MARY JUDGE,H,DEMOCRATIC PARTY,AZ,8
CUNNINGHAM GEORGE,H,DEMOCRATIC PARTY,AZ,5
WARD JIM,H,REPUBLICAN PARTY,AZ,5
WNUCK ERIC,H,REPUBLICAN PARTY,AZ,5
SMITH JEFFREY W,H,REPUBLICAN PARTY,AZ,6
SALVINO CHRIS,H,REPUBLICAN PARTY,AZ,5
SPINKS MARK VINCENT,H,REPUBLICAN PARTY,AZ,5
RAMOS JAVIER GARCIA MR.,H,DEMOCRATIC PARTY,AZ,5
HARRIS KEVIN BRUCE,H,DEMOCRATIC PARTY,AZ,6
NELSON LAWRENCE ROBERT,H,DEMOCRATIC PARTY,AZ,6
KELSEY EASTON CLINT,H,REPUBLICAN PARTY,AZ,6
RIMMER STEPHANIE S,H,DEMOCRATIC PARTY,AZ,6
GENTLES KARL E,H,DEMOCRATIC PARTY,AZ,6
MCCLUNG RUTH CRAWFORD,H,REPUBLICAN PARTY,AZ,7
MYERS TERRY LON,H,REPUBLICAN PARTY,AZ,7
BARNETT JOSH,H,REPUBLICAN PARTY,AZ,1
KELLY JESSE,H,REPUBLICAN PARTY,AZ,2
GOSS VINCENT ANDREW,H,REPUBLICAN PARTY,AZ,8
MILLER BRIAN ALLAN,H,REPUBLICAN PARTY,AZ,8
CARLSON THOMAS A JR,H,REPUBLICAN PARTY,AZ,8
PATON JONATHAN,H,REPUBLICAN PARTY,AZ,1
MUSCATO MICHAEL ARCHANGEL,H,DEMOCRATIC PARTY,AZ,8
OLSEN ROBERT,H,DEMOCRATIC PARTY,AZ,8
TUTORA NICHOLAS,H,REPUBLICAN PARTY,AZ,9
FUENTES-WOLFE TALIA,H,DEMOCRATIC PARTY,AZ,9
BARBIERI JOHN MICHAEL,H,REPUBLICAN PARTY,CA,36
GOLD SIDNEY,H,DEMOCRATIC PARTY,CA,25
FINK MARI HAMLIN,H,REPUBLICAN PARTY,CA,53
SHAH JAYENDRA ARVINDLAL DR,H,INDEPENDENT,CA,47
PORTANTINO ANTHONY,H,DEMOCRATIC PARTY,CA,29
RIGGS FRANK D,H,REPUBLICAN PARTY,CA,1
STOEN TIMOTHY OLIVER,H,REPUBLICAN PARTY,CA,1
WIESNER LAWRENCE R,H,REPUBLICAN PARTY,CA,1
HITT KENNETH ALLAN,H,REPUBLICAN PARTY,CA,1
HANKS LOREN L,H,REPUBLICAN PARTY,CA,1
WINDREM PETER FOLGER,H,DEMOCRATIC PARTY,CA,2
BEARY LOUIS,H,LIBERTARIAN PARTY,CA,6
"RUSH ERWIN E ""BILL""",H,DEMOCRATIC PARTY,CA,2
STIGLICH PETER VINCENT,H,REPUBLICAN PARTY,CA,1
REED JAMES E,H,DEMOCRATIC PARTY,CA,1
MANGAS MONIZ RACHEL OLIVIA,H,DEMOCRATIC PARTY,CA,2
DANIEL BRUCE A,H,LIBERTARIAN PARTY,CA,14
BORMAN EUGENE ROY,H,REPUBLICAN PARTY,CA,3
BERA AMERISH,H,DEMOCRATIC PARTY,CA,6
DAVIS GARY,H,DEMOCRATIC PARTY,CA,3
SLATON BILL,H,DEMOCRATIC PARTY,CA,3
HAMILTON TAMIKA,H,REPUBLICAN PARTY,CA,6
FEUCHT J.C. SEAN,H,REPUBLICAN PARTY,CA,3
KOZIOL THOMAS L,H,REPUBLICAN PARTY,CA,4
BAUGHMAN MARK,H,REPUBLICAN PARTY,CA,4
WARNER STANLEY WESLEY (STAN),H,DEMOCRATIC PARTY,CA,4
NORBERG MARK A,H,DEMOCRATIC PARTY,CA,4
CURTIS CLINT,H,DEMOCRATIC PARTY,CA,4
BABICH MICHAEL,H,REPUBLICAN PARTY,CA,4
EMERY BENJAMIN 'BEN',H,GREEN PARTY,CA,4
FRAME SEAN COLIN,H,DEMOCRATIC PARTY,CA,4
KENNEDY BRYNNE,H,DEMOCRATIC PARTY,CA,4
BENZEL JULIANNE ELIZABETH MRS.,H,REPUBLICAN PARTY,CA,4
MCQUAID JOHN DENNIS,H,REPUBLICAN PARTY,CA,6
NICHOLS ALAN H,H,REPUBLICAN PARTY,CA,5
PAYNE KENNETH J,H,REPUBLICAN PARTY,CA,5
SMITT ERIK,H,REPUBLICAN PARTY,CA,6
TYLER JOHN WESLEY,H,DEMOCRATIC PARTY,CA,5
BOERUM BILL,H,REPUBLICAN PARTY,CA,6
JUDD JAMES O JR.,H,REPUBLICAN PARTY,CA,6
ROBERTS DANIEL ,H,REPUBLICAN PARTY,CA,2
EMARD BENJAMIN,H,DEMOCRATIC PARTY,CA,6
BISH CHRISTINE,H,REPUBLICAN PARTY,CA,6
ST CLAIR GILES,H,REPUBLICAN PARTY,CA,7
PAYTON ROGER ALLEN,H,REPUBLICAN PARTY,CA,7
HOFFMAN CHRISTOPHER,H,REPUBLICAN PARTY,CA,7
"MRAOVICH NICHOLAS (""NICK"")",H,REPUBLICAN PARTY,CA,7
TUBBS RICHARD STEPHEN II,H,REPUBLICAN PARTY,CA,3
FITZGERALD JOHN,H,REPUBLICAN PARTY,CA,11
BURDICK JEFF,H,DEMOCRATIC PARTY,CA,7
PATTERSON ROBERT BUZZ,H,REPUBLICAN PARTY,CA,7
IVY JON,H,REPUBLICAN PARTY,CA,7
DENNIS JOHN,H,REPUBLICAN PARTY,CA,12
SHIELDS SUMMER J,H,DEMOCRATIC PARTY,CA,12
BUBSER CHRISTINE,H,DEMOCRATIC PARTY,CA,8
STAAT JEREMY,H,REPUBLICAN PARTY,CA,8
OBERNOLTE JAY,H,REPUBLICAN PARTY,CA,23
CONAWAY ROBERT DEAN,H,DEMOCRATIC PARTY,CA,8
ELLARS JAMES ROBERT,H,DEMOCRATIC PARTY,CA,8
ESMUS JEFF,H,NON-PARTY,CA,8
GOMEZ BLANCA,H,DEMOCRATIC PARTY,CA,8
KENNEDY BILL,H,REPUBLICAN PARTY,CA,9
ROMERO VICTOR ARNOLD,H,REPUBLICAN PARTY,CA,9
MARTINEK WILLIAM CHARLES,H,REPUBLICAN PARTY,CA,9
AMADOR ANTONIO,H,REPUBLICAN PARTY,CA,9
KING LOWELL A,H,REPUBLICAN PARTY,CA,13
PATROSSO MARK STEVEN,H,REPUBLICAN PARTY,CA,10
KILIAN DENNIS M,H,REPUBLICAN PARTY,CA,10
HUTCHISON CLAUDE B JR,H,REPUBLICAN PARTY,CA,10
DESAULNIER MARK,H,DEMOCRATIC PARTY,CA,10
HAMPTON ADRIEL,H,DEMOCRATIC PARTY,CA,10
BUCHANAN JOAN,H,DEMOCRATIC PARTY,CA,10
WOODS ANTHONY MR,H,DEMOCRATIC PARTY,CA,10
VANGUNDY GINO,H,UNKNOWN,CA,10
HARMER DAVID,H,REPUBLICAN PARTY,CA,11
GARAMENDI JOHN,H,DEMOCRATIC PARTY,CA,8
BUNCH CHRISTOPHER N,H,REPUBLICAN PARTY,CA,10
PETERSON DAVID,H,DEMOCRATIC PARTY,CA,12
CLIFT GARY WILLIAM,H,REPUBLICAN PARTY,CA,10
LOOS MARK ALAN,H,REPUBLICAN PARTY,CA,10
TOTH JOHN RICHARD,H,REPUBLICAN PARTY,CA,10
BURKE BUDDY,H,REPUBLICAN PARTY,CA,10
DOSSETT CHARLES,H,REPUBLICAN PARTY,CA,10
SOUSA LIVENGOOD MARLA,H,REPUBLICAN PARTY,CA,10
ELLIOTT BOB,H,REPUBLICAN PARTY,CA,10
BLEVINS RYAN,H,DEMOCRATIC PARTY,CA,10
ROYER BILL,H,REPUBLICAN PARTY,CA,11
LANTOS TOM,H,DEMOCRATIC PARTY,CA,12
CANFIELD ROGER BLAINE II,H,REPUBLICAN PARTY,CA,11
KELTING LES,H,REPUBLICAN PARTY,CA,11
MAKAR BRUCE BERNARD,H,REPUBLICAN PARTY,CA,11
COREY GEORGE RAYMOND,H,DEMOCRATIC PARTY,CA,11
"HOLSINGER G. W. ""JOE""",H,DEMOCRATIC PARTY,CA,11
LANDERS CURTISS A,H,DEMOCRATIC PARTY,CA,11
SPEIER JACQUELINE,H,DEMOCRATIC PARTY,CA,11
DEL ARROZ JONATHAN MR.,H,REPUBLICAN PARTY,CA,11
GOEHRING BRAD,H,REPUBLICAN PARTY,CA,11
PEGRAM LARRY,H,REPUBLICAN PARTY,CA,11
BEADLES ROBERT,H,REPUBLICAN PARTY,CA,11
AMADOR ANTONIO C,H,REPUBLICAN PARTY,CA,9
TAKADA JEFFREY DAVID,H,REPUBLICAN PARTY,CA,11
EMKEN ELIZABETH,H,REPUBLICAN PARTY,CA,7
KERR MICHAEL ERNEST,H,GREEN PARTY,CA,11
PALMER ROBERT,H,DEMOCRATIC PARTY,CA,14
HARDING JOSEPH MICHAEL,H,WRITE-IN,CA,12
BACELAR AGATHA,H,DEMOCRATIC PARTY,CA,12
GALLAGHER TOM,H,DEMOCRATIC PARTY,CA,12
LORRAINE DEANNA,H,REPUBLICAN PARTY,CA,12
SMITH DAVID ELLIOTT,H,REPUBLICAN PARTY,CA,13
DUFFY SAUNDRA SUE,H,REPUBLICAN PARTY,CA,13
GARCIA LUIS 'COACH',H,REPUBLICAN PARTY,CA,13
JELINCIC JUSTIN,H,DEMOCRATIC PARTY,CA,13
PAREJA CHRISTOPHER JAMES,H,UNKNOWN,CA,15
PITERMAN KONSTANTINE NIKKA-SHER,H,REPUBLICAN PARTY,CA,13
CERNEY ANNE,H,DEMOCRATIC PARTY,CA,14
DOOLITTLE JOHN,H,REPUBLICAN PARTY,CA,4
TAYLOR ERIC,H,INDEPENDENT,CA,14
GOODROW CRISTOS JON,H,DEMOCRATIC PARTY,CA,14
SCHWARTZ RONALD,H,REPUBLICAN PARTY,CA,15
CONDIT GARY A,H,DEMOCRATIC PARTY,CA,18
BURRIS CLIFF,H,REPUBLICAN PARTY,CA,15
WHITESIDE CAROL LOUISE GORDON,H,REPUBLICAN PARTY,CA,15
WEIMER ROBERT JOHN,H,REPUBLICAN PARTY,CA,15
BERRYHILL CLARE L,H,REPUBLICAN PARTY,CA,15
PATTERAKIS CHRIS G,H,REPUBLICAN PARTY,CA,15
SHIMP ROY,H,LIBERTARIAN PARTY,CA,15
PEACOCK WILLIAM E,H,DEMOCRATIC PARTY,CA,15
PARKER ROBIN N,H,DEMOCRATIC PARTY,CA,15
CUNNEEN JAMES F,H,REPUBLICAN PARTY,CA,15
HONDA MIKE,H,DEMOCRATIC PARTY,CA,17
MEAD DALE CARLTON,H,REPUBLICAN PARTY,CA,15
SIMITIAN S JOSEPH,H,DEMOCRATIC PARTY,CA,16
BARICH DON,H,REPUBLICAN PARTY,CA,15
KIRKLAND SCOTT SPENCER,H,REPUBLICAN PARTY,CA,15
WAHAB AISHA,H,DEMOCRATIC PARTY,CA,15
WIECKOWSKI ROBERT,H,DEMOCRATIC PARTY,CA,15
INTAL AUSTIN,H,DEMOCRATIC PARTY,CA,15
SHARMA NISHA,H,REPUBLICAN PARTY,CA,11
REISS JERRY M,H,REPUBLICAN PARTY,CA,16
GONZALEZ EDWARD M,H,LIBERTARIAN PARTY,CA,16
WILLIAMS KIM,H,DEMOCRATIC PARTY,CA,16
COOKINGHAM KEVIN,H,REPUBLICAN PARTY,CA,16
SORIA ESMERALDA,H,DEMOCRATIC PARTY,CA,16
NAHIGIAN ARCHIE H JR,H,DEMOCRATIC PARTY,CA,17
WHITMORE DEBRA ANN,H,DEMOCRATIC PARTY,CA,17
ENGLER CLINT,H,REPUBLICAN PARTY,CA,17
GROSSMAN JOSEPH LEON,H,DEMOCRATIC PARTY,CA,17
ARNOLD GARY RICHARD,H,REPUBLICAN PARTY,CA,17
KABAT RONALD P.,H,NO PARTY AFFILIATION,CA,20
TANDON RITESH,H,DEMOCRATIC PARTY,CA,17
"TIMMERMANS MARY ""PAT""",H,DEMOCRATIC PARTY,CA,18
WILSON STEVEN R,H,REPUBLICAN PARTY,CA,18
BERRYHILL MICHAEL CLARE SR,H,REPUBLICAN PARTY,CA,18
KUMAR RISHI,H,DEMOCRATIC PARTY,CA,16
FOX DR. RICHARD B,H,REPUBLICAN PARTY,CA,18
FERGUSON ANITA PEREZ,H,DEMOCRATIC PARTY,CA,23
MCCONNELL MICHAEL WILLIAM,H,DEMOCRATIC PARTY,CA,19
LORENZ MELINDA A,H,UNKNOWN,CA,22
HERNANDEZ JOHN STEPHEN,H,DEMOCRATIC PARTY,CA,21
ROSENBERG DANIEL J,H,DEMOCRATIC PARTY,CA,19
MARSDEN LES,H,WRITE-IN,CA,19
GOODWIN LORAINE,H,DEMOCRATIC PARTY,CA,16
PATTERSON NORWOOD JAMES JR,H,REPUBLICAN PARTY,CA,19
DENHAM JEFF,H,REPUBLICAN PARTY,CA,10
WESTERLUND LARRY,H,REPUBLICAN PARTY,CA,19
TORRES IVAN,H,DEMOCRATIC PARTY,CA,19
THOMAS MICHAEL ALAN,H,DEMOCRATIC PARTY,CA,22
GREGORY RODNEY EVERETT,H,REPUBLICAN PARTY,CA,20
MILLER JOSHUA THOMAS COULSTON,H,REPUBLICAN PARTY,CA,20
VIDAK JAMES ANDREW,H,REPUBLICAN PARTY,CA,20
QUINTANAR SERAFIN,H,REPUBLICAN PARTY,CA,20
LAKE RICHARD DAVID GEORGE,H,REPUBLICAN PARTY,CA,20
GORMAN JEFF,H,REPUBLICAN PARTY,CA,19
BOLA?OS SCOW ADAM,H,DEMOCRATIC PARTY,CA,20
FREIMAN RICHARD DAVID,H,DEMOCRATIC PARTY,CA,21
O'DONNELL PIERCE HENRY,H,DEMOCRATIC PARTY,CA,22
BAYER DAVID,H,DEMOCRATIC PARTY,CA,22
ROWE ERNEST ALLEN,H,REPUBLICAN PARTY,CA,22
REZVANI SARABI AMIR DARYOUSH,H,DEMOCRATIC PARTY,CA,22
ARBALLO PHIL,H,DEMOCRATIC PARTY,CA,13
GARCIA ERIC,H,DEMOCRATIC PARTY,CA,22
CASE MICHAEL W,H,DEMOCRATIC PARTY,CA,23
GOLDBERG ALBERT MAXWELL,H,DEMOCRATIC PARTY,CA,33
SAVITCH CARY BRUCE,H,REFORM PARTY,CA,23
STOCKDALE DAVID R,H,REPUBLICAN PARTY,CA,23
DAVIDSON JOHN,H,REPUBLICAN PARTY,CA,23
WATSON THOMAS C,H,REPUBLICAN PARTY,CA,23
VANDEVENTER CLARK,H,REPUBLICAN PARTY,CA,23
HAGER JOHN VICTOR,H,INDEPENDENT,CA,23
MANGONE KIM,H,DEMOCRATIC PARTY,CA,23
ZERG JEROME,H,REPUBLICAN PARTY,CA,24
DOYLE JERRY,H,REPUBLICAN PARTY,CA,24
STERN SHAWN,H,DEMOCRATIC PARTY,CA,24
ALLISON TIMOTHY JAMES,H,DEMOCRATIC PARTY,CA,24
PANEC MARIE,H,DEMOCRATIC PARTY,CA,24
CALDWELL JAMES ANDREW,H,REPUBLICAN PARTY,CA,24
JUSTICE ALEXANDER SWIFT,H,REPUBLICAN PARTY,CA,25
VALLADARES SUZETTE MARTINEZ,H,REPUBLICAN PARTY,CA,25
GARCIA MICHAEL,H,REPUBLICAN PARTY,CA,27
UNDERWOOD JACOBS ANGELA,H,REPUBLICAN PARTY,CA,25
CRIPE MARK,H,REPUBLICAN PARTY,CA,25
PAPADOPOULOS GEORGE,H,REPUBLICAN PARTY,CA,25
SMITH CHRISTY,H,DEMOCRATIC PARTY,CA,27
LACKEY COURTNEY,H,REPUBLICAN PARTY,CA,25
VALDEZ-ORTEGA ANIBAL MR.,H,DEMOCRATIC PARTY,CA,25
LOZANO DAVID,H,REPUBLICAN PARTY,CA,25
COOPER ROBERT,H,DEMOCRATIC PARTY,CA,25
FORSCH GARY E,H,REPUBLICAN PARTY,CA,26
DAHLSON ROY,H,REPUBLICAN PARTY,CA,26
MILLER DAVID LAWRENCE,H,REPUBLICAN PARTY,CA,32
BROWN ROBERT,H,NONE,CA,26
GOLDEN CRYSTAL MARIE,H,REPUBLICAN PARTY,CA,26
SALAS ROBERT LAMBERT MR.,H,DEMOCRATIC PARTY,CA,26
KENNEDY RONDA,H,REPUBLICAN PARTY,CA,30
DUBIN GARY VICTOR,H,DEMOCRATIC PARTY,CA,27
MICHAEL ELIZABETH,H,LIBERTARIAN PARTY,CA,27
COHEN DAVID BARRETT,H,REPUBLICAN PARTY,CA,27
YEAGER HANS,H,REPUBLICAN PARTY,CA,27
REED SR. MARK STEVEN SR.,H,REPUBLICAN PARTY,CA,30
NALBANDIAN JOHNNY,H,REPUBLICAN PARTY,CA,30
DECKER MARK ALLEN,H,REPUBLICAN PARTY,CA,28
FROYD ERIK MERLIN,H,REPUBLICAN PARTY,CA,28
WORMAN JENNY,H,REPUBLICAN PARTY,CA,28
VALDEZ RICHARD,H,DEMOCRATIC PARTY,CA,29
BARBOSA JENNIFER,H,INDEPENDENT,CA,28
PUDLO G MAEBE,H,DEMOCRATIC PARTY,CA,30
EARLY ERIC,H,REPUBLICAN PARTY,CA,28
COLBERT JOHN,H,REPUBLICAN PARTY,CA,29
GUZIK MICHAEL R,H,DEMOCRATIC PARTY,CA,29
RICHELIEU OWEN HESSE III,H,REPUBLICAN PARTY,CA,30
DAVID ARI,H,REPUBLICAN PARTY,CA,30
FLUTIE ROBERT A MR,H,REPUBLICAN PARTY,CA,30
BENNING DAVID,H,REPUBLICAN PARTY,CA,30
KOLSKI CHRIS,H,REPUBLICAN PARTY,CA,30
WILKERSON CHARLES EDWARD,H,REPUBLICAN PARTY,CA,30
MILLER ERICH D,H,LIBERTARIAN PARTY,CA,30
BERINA COURTNEY JAMES,H,DEMOCRATIC PARTY,CA,30
KAHN PAULA,H,DEMOCRATIC PARTY,CA,30
DYMALLY MERVYN M,H,DEMOCRATIC PARTY,CA,31
GRIGSBY LAWRENCE ALLEN,H,DEMOCRATIC PARTY,CA,37
SOLIS HILDA,H,DEMOCRATIC PARTY,CA,32
SMITH STEPHEN CARLTON,H,REPUBLICAN PARTY,CA,31
GIBBONEY AGNES,H,REPUBLICAN PARTY,CA,31
ADLER JOHN,H,REPUBLICAN PARTY,CA,27
BAKKE JERRY,H,REPUBLICAN PARTY,CA,38
HENTSCHEL NOEL IRWIN,H,REPUBLICAN PARTY,CA,32
CHU JUDY,H,DEMOCRATIC PARTY,CA,28
CEDILLO GILBERT,H,DEMOCRATIC PARTY,CA,32
HERNANDEZ TERESA,H,REPUBLICAN PARTY,CA,32
PLEITZ EMANUEL,H,DEMOCRATIC PARTY,CA,32
TRUAX DAVID ALLEN,H,REPUBLICAN PARTY,CA,32
ALONSO FRANCISCO,H,DEMOCRATIC PARTY,CA,32
CHU BETTY,H,REPUBLICAN PARTY,CA,32
GONZALES EMANUEL LAWRENCE MR,H,DEMOCRATIC PARTY,CA,32
KASHIFALGHITA MESHAL 'KASH',H,DEMOCRATIC PARTY,CA,32
ANDERSON FRED LODEWYK,H,AMERICAN INDEPENDENT PARTY,CA,36
HAMUD GARRY MARTINO,H,DEMOCRATIC PARTY,CA,39
WEBB GEORGIA HOUSTON,H,DEMOCRATIC PARTY,CA,33
NEWELL FELTON,H,DEMOCRATIC PARTY,CA,33
BASS KAREN,H,DEMOCRATIC PARTY,CA,37
MOSTERT NICK JUAN,H,DEMOCRATIC PARTY,CA,33
FRICKE BRANDON,H,NO PARTY AFFILIATION,CA,33
LIEW SARAH SUN DR.,H,REPUBLICAN PARTY,CA,33
EASTMAN JOHN CHARLES,H,REPUBLICAN PARTY,CA,34
CANALES ROBERT ARTHUR,H,REPUBLICAN PARTY,CA,34
MOTIWALLA FRANCES YASMEEN,H,DEMOCRATIC PARTY,CA,34
PITTMAN SHANNEL MS,H,GREEN PARTY,CA,34
KIM DAVID,H,DEMOCRATIC PARTY,CA,34
WRIGHT JOANNE,H,REPUBLICAN PARTY,CA,34
NOONAN MIKE,H,PEACE AND FREEDOM,CA,41
BLANKENSHIP MARK IRVIN,H,REPUBLICAN PARTY,CA,35
MCGILL CARL LEE,H,DEMOCRATIC PARTY,CA,35
BROWN K BRUCE,H,REPUBLICAN PARTY,CA,35
CARGILE MIKE,H,REPUBLICAN PARTY,CA,35
STARK JOHN PAUL,H,REPUBLICAN PARTY,CA,36
SKROPOS GUS JAMES,H,REPUBLICAN PARTY,CA,36
CASEY ALOYSIUS G,H,REPUBLICAN PARTY,CA,36
HAMMOCK ROBERT L,H,REPUBLICAN PARTY,CA,42
KESTERSON PETE,H,REPUBLICAN PARTY,CA,36
FEIN MATTIE,H,REPUBLICAN PARTY,CA,36
SHARP ANDREW JAMES,H,REPUBLICAN PARTY,CA,36
RUIZ RAUL,H,REPUBLICAN PARTY,CA,36
STEVANOVICH MILO MILUTIN,H,REPUBLICAN PARTY,CA,36
CRUZ ERIN,H,REPUBLICAN PARTY,CA,36
RUSK DONALD M,H,DEMOCRATIC PARTY,CA,40
WAITE RALPH H,H,DEMOCRATIC PARTY,CA,37
ODOM GARY ROBERT,H,INDEPENDENT,CA,43
PONCHAK TERRANCE,H,DEMOCRATIC PARTY,CA,37
PARKER STAR,H,REPUBLICAN PARTY,CA,37
WEBBER ERROL MR.,H,REPUBLICAN PARTY,CA,37
THOMPSON LARRY,H,NO PARTY AFFILIATION,CA,37
JACOBSON ART,H,REPUBLICAN PARTY,CA,38
SCHIPSKE GERRIE,H,DEMOCRATIC PARTY,CA,37
GRUWELL ERIN,H,DEMOCRATIC PARTY,CA,38
SWANN TRUMAN ALLEN,H,DEMOCRATIC PARTY,CA,39
KANEL GILL G,H,DEMOCRATIC PARTY,CA,39
ANDRE LARRY STEVEN,H,REPUBLICAN PARTY,CA,39
CRUZ-LARA IGNACIO ISRAEL,H,REPUBLICAN PARTY,CA,19
DOW MICHAEL F,H,DEMOCRATIC PARTY,CA,40
GRATZ EUGENE C,H,DEMOCRATIC PARTY,CA,40
FELIX ANTHONY DR. JR.,H,DEMOCRATIC PARTY,CA,40
DELGADO ANTONIO,H,REPUBLICAN PARTY,CA,40
BATES JIM,H,DEMOCRATIC PARTY,CA,50
WILSON BOB,H,DEMOCRATIC PARTY,CA,41
MCKINNON DAN,H,REPUBLICAN PARTY,CA,41
LOWERY WILLIAM D,H,REPUBLICAN PARTY,CA,51
FAVILA RODOLFO GOMEZ,H,DEMOCRATIC PARTY,CA,41
CAVUOTO JAMES C,H,DEMOCRATIC PARTY,CA,36
STEVENS BRYAN W,H,DEMOCRATIC PARTY,CA,36
MORRELL MICHAEL LAWRENCE,H,REPUBLICAN PARTY,CA,42
CORRY JOHN,H,REPUBLICAN PARTY,CA,42
BROWN MARTA MACIAS,H,DEMOCRATIC PARTY,CA,42
BALLARD JOHN SCOTT,H,LIBERTARIAN PARTY,CA,42
ESHLEMAN DAVID R,H,DEMOCRATIC PARTY,CA,42
SIMON RICK,H,REFORM PARTY,CA,42
MCGROARTY LEE,H,REPUBLICAN PARTY,CA,42
LIBERATORE PHILIP LAURENCE,H,REPUBLICAN PARTY,CA,8
SU DAVID SEOKBEOM,H,REPUBLICAN PARTY,CA,42
O'MARA WILLIAM EDWARD DR IV,H,DEMOCRATIC PARTY,CA,42
MARSTON REGINA L MRS,H,DEMOCRATIC PARTY,CA,42
COLLEN MARTIN,H,REPUBLICAN PARTY,CA,44
JAFRI KHALID,H,REPUBLICAN PARTY,CA,9
COLLINS JOE E III,H,REPUBLICAN PARTY,CA,36
LANTRY JAMES J,H,REPUBLICAN PARTY,CA,44
GHOUGASSIAN JOSEPH A,H,REPUBLICAN PARTY,CA,44
GEORGIOU BYRON STEPHEN,H,DEMOCRATIC PARTY,CA,49
EPIFANO ERIC,H,REPUBLICAN PARTY,CA,52
GORDON JON,H,DEMOCRATIC PARTY,CA,44
WOFFORD DOUGLAS LLOYD,H,DEMOCRATIC PARTY,CA,44
ODEN RONALD,H,DEMOCRATIC PARTY,CA,44
SMITH GENE,H,REFORM PARTY,CA,44
BARKER JOHN CHARLES,H,REPUBLICAN PARTY,CA,45
RIGGS CHRISTOPHER SCOTT,H,REPUBLICAN PARTY,CA,44
MCDONALD TRANI ANNETTE,H,DEMOCRATIC PARTY,CA,44
EARLEY BILLY,H,REPUBLICAN PARTY,CA,44
CRISELL TED,H,DEMOCRATIC PARTY,CA,45
POUGNET STEPHEN P,H,DEMOCRATIC PARTY,CA,45
THIBODEAU CLAYTON ,H,REPUBLICAN PARTY,CA,42
SEDGWICK DONALD M,H,REPUBLICAN PARTY,CA,45
HUANG PEGGY,H,REPUBLICAN PARTY,CA,45
GENNAWEY RAY,H,REPUBLICAN PARTY,CA,45
WOOLWORTH BRENTON,H,REPUBLICAN PARTY,CA,45
SPARKS LISA,H,REPUBLICAN PARTY,CA,45
PAI ADITYA,H,DEMOCRATIC PARTY,CA,45
GONZALES CHRISTOPHER,H,REPUBLICAN PARTY,CA,46
TUCHMAN GLORIA MATTA,H,REPUBLICAN PARTY,CA,46
LURIE BARAK,H,REPUBLICAN PARTY,CA,46
ARNOLD KENNETH,H,DEMOCRATIC PARTY,CA,46
WATERS JAMES STEVENS,H,REPUBLICAN PARTY,CA,46
MENDIOLEA PABLO,H,DEMOCRATIC PARTY,CA,46
LEWIS JOHN R,H,REPUBLICAN PARTY,CA,47
MAFI MAZIAR,H,DEMOCRATIC PARTY,CA,47
GRAHAM JOHN L,H,DEMOCRATIC PARTY,CA,48
NOLAN DAVID F,H,LIBERTARIAN PARTY,CA,47
TRAN VAN,H,REPUBLICAN PARTY,CA,47
PHAM QUANG X,H,REPUBLICAN PARTY,CA,47
IGLESIAS CECILIA PATRICIA,H,INDEPENDENT,CA,47
SCHANK GARY 'JET',H,INDEPENDENT,CA,47
NGUYEN TAN D,H,REPUBLICAN PARTY,CA,47
MOUA SOU,H,REPUBLICAN PARTY,CA,47
WEST AMY PHAN,H,REPUBLICAN PARTY,CA,47
ROSHAN SHAWN,H,DEMOCRATIC PARTY,CA,47
MATHEWS PETER,H,DEMOCRATIC PARTY,CA,42
KOUVELIS PETER,H,DEMOCRATIC PARTY,CA,48
ISSA DARRELL,H,REPUBLICAN PARTY,CA,48
MORROW BILL,H,REPUBLICAN PARTY,CA,50
DORNAN MARK DOUGLAS,H,REPUBLICAN PARTY,CA,48
SNYDER JOSEPH D,H,REPUBLICAN PARTY,CA,48
UDALL DON ALLEN,H,REPUBLICAN PARTY,CA,48
MAHAN KEVIN M,H,REPUBLICAN PARTY,CA,48
KROM BETH,H,DEMOCRATIC PARTY,CA,48
BRADLEY JAMES P.,H,REPUBLICAN PARTY,CA,33
BURLEY BRIAN J MR.,H,REPUBLICAN PARTY,CA,47
STEEL MICHELLE,H,REPUBLICAN PARTY,CA,45
ENGELS CHRISTOPHER MICHAEL,H,REPUBLICAN PARTY,CA,48
BARKACS CRAIG BRIAN,H,DEMOCRATIC PARTY,CA,52
SANDERS WADE ROWLAND,H,DEMOCRATIC PARTY,CA,49
DAVIS SUSAN A.,H,DEMOCRATIC PARTY,CA,53
KATZ HOWARD LOUIS,H,DEMOCRATIC PARTY,CA,49
WILLIAMS GRACE I DR,H,DEMOCRATIC PARTY,CA,41
FORTIN MARA,H,REPUBLICAN PARTY,CA,49
GOOD JAMES ALLEN,H,REPUBLICAN PARTY,CA,50
EMBLEM TRACY,H,DEMOCRATIC PARTY,CA,50
ROBERTS DAVID W,H,DEMOCRATIC PARTY,CA,50
BALKIN ALEX,H,DEMOCRATIC PARTY,CA,50
WILSKE LARRY A MR.,H,REPUBLICAN PARTY,CA,50
ABED SAM,H,REPUBLICAN PARTY,CA,50
EDICK DAVID DANIEL JR,H,NONE,CA,50
DEMAIO CARL,H,REPUBLICAN PARTY,CA,50
BARRAZA JORGE LUIS,H,DEMOCRATIC PARTY,CA,51
MCLEROY WILLIAM DAVID,H,REPUBLICAN PARTY,CA,51
POPADITCH NICHOLAS ALLEN,H,REPUBLICAN PARTY,CA,53
RODRIGUEZ SAUL ALEJANDRO,H,REPUBLICAN PARTY,CA,51
LUTZ RAYMOND CLARK,H,DEMOCRATIC PARTY,CA,52
RAMOS FAMELA SALDANA,H,REPUBLICAN PARTY,CA,53
CASADY NANCY LEE,H,DEMOCRATIC PARTY,CA,52
CUNNINGHAM RYAN BARRETT,H,NO PARTY AFFILIATION,CA,52
DEBELLO JAMES,H,REPUBLICAN PARTY,CA,52
RYANS JERLILIA MS.,H,DEMOCRATIC PARTY,CA,50
FRIEDMAN MATT,H,REPUBLICAN PARTY,CA,53
WEAVER CLARENCE MASON,H,REPUBLICAN PARTY,CA,53
RAMON CABALLERO JOSE IIII,H,DEMOCRATIC PARTY,CA,53
VAZQUEZ JOAQUIN,H,DEMOCRATIC PARTY,CA,53
FIELDS ZACK,H,DEMOCRATIC PARTY,CA,53
GOMEZ GEORGETTE,H,DEMOCRATIC PARTY,CA,53
GOLDBECK JANESSA,H,DEMOCRATIC PARTY,CA,53
CALDERON MARISA,H,DEMOCRATIC PARTY,CA,50
FOX DEVORAH ANN DR. PSY.D,H,DEMOCRATIC PARTY,CA,53
MEZA ANNETTE,H,DEMOCRATIC PARTY,CA,53
BROOKS II JOHN L,H,DEMOCRATIC PARTY,CA,53
KUTNER ERIC ROGER,H,DEMOCRATIC PARTY,CA,53
ORISTIAN MICHAEL PATRICK,H,REPUBLICAN PARTY,CA,53
FOUNTAIN JOSEPH DR.,H,DEMOCRATIC PARTY,CA,53
WONG TOM K,H,DEMOCRATIC PARTY,CA,53
SANTORI SUZETTE,H,DEMOCRATIC PARTY,CA,53
BROWN DIGGS,H,REPUBLICAN PARTY,CO,4
ROEMER GLORIA GONZALES,H,REPUBLICAN PARTY,CO,1
THOMAS JESSE L,H,REPUBLICAN PARTY,CO,1
FALLON MICHAEL PETER,H,REPUBLICAN PARTY,CO,1
BARTON STEVEN DR,H,REPUBLICAN PARTY,CO,1
JONES CLINTON DOUGLAS,H,LIBERTARIAN PARTY,CO,1
DURAN CRISANTA DESIRAE,H,DEMOCRATIC PARTY,CO,1
MCELDERRY JOHN R,H,REPUBLICAN PARTY,CO,6
LOYE BENJAMIN R,H,REPUBLICAN PARTY,CO,2
LEWIS JASON M,H,REPUBLICAN PARTY,CO,2
FORTHOFER RONALD NORMAN,H,GREEN PARTY,CO,2
COX CAROLYN S,H,REPUBLICAN PARTY,CO,2
HUME SANDY,H,REPUBLICAN PARTY,CO,2
BAILEY STEPHEN,H,REPUBLICAN PARTY,CO,2
BRANCATO BOB,H,REPUBLICAN PARTY,CO,2
HARRIS CURTIS LEE,H,LIBERTARIAN PARTY,CO,2
JOHNSON ALEX,H,INDEPENDENT,CO,2
WINN CHARLES E. DR,H,REPUBLICAN PARTY,CO,2
BOLLING SHANE,H,REPUBLICAN PARTY,CO,1
SMITH BARB,H,REPUBLICAN PARTY,CO,3
ELLIS ROBERT THOMAS (BOB),H,REPUBLICAN PARTY,CO,3
GOOD VICTOR,H,REFORM PARTY,CO,3
BEESON MARTIN C,H,REPUBLICAN PARTY,CO,3
MCCONNELL ROBERT M,H,REPUBLICAN PARTY,CO,3
SEGREST JAKE,H,INDEPENDENT,CO,3
VALDEZ DONALD,H,DEMOCRATIC PARTY,CO,3
BOEBERT LAUREN,H,REPUBLICAN PARTY,CO,4
MILTON CHRISTOPHER,H,OTHER,CO,6
BROWN HANK,H,REPUBLICAN PARTY,CO,4
BACA POLLY,H,DEMOCRATIC PARTY,CO,2
BOND RICHARD RANDOLPH,H,DEMOCRATIC PARTY,CO,4
BRANDON JIM,H,REPUBLICAN PARTY,CO,4
WARD DAN SEWELL,H,NATURAL LAW PARTY,CO,4
LUCERO THOMAS JOSEPH,H,REPUBLICAN PARTY,CO,4
GARDNER CORY,H,REPUBLICAN PARTY,CO,4
MCCORKLE ISAAC IAN,H,DEMOCRATIC PARTY,CO,4
SCHREIBER ED,H,DEMOCRATIC PARTY,CO,5
JOHNSTON CAL,H,DEMOCRATIC PARTY,CO,5
HAMBURGER KEITH,H,LIBERTARIAN PARTY,CO,5
FREELAND JILLIAN,H,DEMOCRATIC PARTY,CO,5
LUCAS RYAN,H,DEMOCRATIC PARTY,CO,5
KELTIE REBECCA,H,REPUBLICAN PARTY,CO,5
JARRETT DON,H,DEMOCRATIC PARTY,CO,6
TOLTZ KENNETH A,H,DEMOCRATIC PARTY,CO,6
CANTER DAVID,H,DEMOCRATIC PARTY,CO,6
FLERLAGE JOHN,H,DEMOCRATIC PARTY,CO,6
MCNEALY ROBERT LEE,H,LIBERTARIAN PARTY,CO,6
STOCKHAM CASPER WESLEY,H,REPUBLICAN PARTY,CO,7
HOUSE STEVEN,H,REPUBLICAN PARTY,CO,6
CAMPBELL BRIAN T SR,H,REPUBLICAN PARTY,CO,7
FRAZIER RYAN L,H,REPUBLICAN PARTY,CO,7
DEMING MICHAEL,H,REPUBLICAN PARTY,CO,7
LAKEY JIMMY,H,REPUBLICAN PARTY,CO,7
SIAS LANGHORNE C,H,REPUBLICAN PARTY,CO,7
MALGIERI ANTHONY,H,NONE,CO,7
RAPOPORT MILES S,H,DEMOCRATIC PARTY,CT,1
GARVEY JAMES PATRICK,H,REPUBLICAN PARTY,CT,1
BACKLUND ROBERT,H,REPUBLICAN PARTY,CT,1
ZYDANOWICZ MARK,H,REPUBLICAN PARTY,CT,1
BRICKLEY ANN,H,REPUBLICAN PARTY,CT,1
KRAYESKE KENNETH JAMES,H,GREEN PARTY,CT,1
FAY MARY,H,REPUBLICAN PARTY,CT,1
GRIFFIN JAMES LEONARD,H,REPUBLICAN PARTY,CT,1
GEJDENSON SAM,H,DEMOCRATIC PARTY,CT,2
HENDEL PATRICIA T,H,DEMOCRATIC PARTY,CT,2
DEMPSEY JOHN N JR,H,DEMOCRATIC PARTY,CT,2
FIELD A SEARLE,H,REPUBLICAN PARTY,CT,2
GUGLIELMO DONATO ANTONIO,H,REPUBLICAN PARTY,CT,2
LEARY KENNETH A,H,DEMOCRATIC PARTY,CT,2
CONNERY MICHAEL M,H,REPUBLICAN PARTY,CT,2
RAGSDALE JOHN MILTON,H,REPUBLICAN PARTY,CT,2
SIMMONS ROB,H,REPUBLICAN PARTY,CT,2
DALY MATTHEW MOULTON,H,REPUBLICAN PARTY,CT,2
NOVAK DARIA IRENE,H,REPUBLICAN PARTY,CT,2
MULLEN WESLEY MARTIN,H,REPUBLICAN PARTY,CT,2
DUBITSKY DOUG,H,REPUBLICAN PARTY,CT,2
PECKINPAUGH JANET,H,REPUBLICAN PARTY,CT,2
GILMER THOMAS M,H,REPUBLICAN PARTY,CT,2
ANDERSON JUSTIN,H,REPUBLICAN PARTY,CT,2
LIEBERMAN JOSEPH,H,DEMOCRATIC PARTY,CT,3
DUNN ROBERT JOHN,H,REPUBLICAN PARTY,CT,3
POVINELLI HENRY A,H,REPUBLICAN PARTY,CT,3
FARRICIELLI JOSEPH J,H,DEMOCRATIC PARTY,CT,3
DENARDIS LAWRENCE J,H,REPUBLICAN PARTY,CT,3
LAWLOR MICHAEL PATRICK,H,DEMOCRATIC PARTY,CT,3
DELAURO ROSA L,H,DEMOCRATIC PARTY,CT,3
CHASE J VINCENT,H,REPUBLICAN PARTY,CT,3
GOLD JUNE,H,REPUBLICAN PARTY,CT,3
LABRIOLA JERRY JR.,H,REPUBLICAN PARTY,CT,3
ROGERS MARGARET H,H,REPUBLICAN PARTY,CT,3
JOSEFF MATTHEW JASON,H,INDEPENDENT,CT,3
STREICKER MARGARET,H,REPUBLICAN PARTY,CT,3
PAGLINO JUSTIN COBB DR MD PHD,H,GREEN PARTY,CT,3
PHILLIPS JOHN ARISTOTLE,H,DEMOCRATIC PARTY,CT,4
SMITH ALFRED J JR,H,INDEPENDENT,CT,4
CAMPBELL JAMES S,H,REPUBLICAN PARTY,CT,4
DON FRANK,H,INDEPENDENT,CT,4
SANCHEZ STEPHANIE HUNTER,H,DEMOCRATIC PARTY,CT,4
GREGORY WILL,H,REPUBLICAN PARTY,CT,4
MERKLE ROBERT,H,REPUBLICAN PARTY,CT,4
DEBICELLA DAN,H,REPUBLICAN PARTY,CT,4
RUSSO ROBERT,H,REPUBLICAN PARTY,CT,4
TORRES ENRIQUE RAUL,H,REPUBLICAN PARTY,CT,4
HERRMANN THOMAS A,H,REPUBLICAN PARTY,CT,4
RIDDLE JONATHAN,H,REPUBLICAN PARTY,CT,4
GOLDSTEIN MICHAEL,H,REPUBLICAN PARTY,CT,4
DONAHUE EDWARD M,H,REPUBLICAN PARTY,CT,5
SARASIN WARREN G,H,REPUBLICAN PARTY,CT,5
WATSON STEVEN CRAIG,H,REPUBLICAN PARTY,CT,5
MCLAUGHLIN JAMES H,H,REPUBLICAN PARTY,CT,5
PACOWTA MICHAEL E,H,DEMOCRATIC PARTY,CT,5
FRANKS GARY A,H,REPUBLICAN PARTY,CT,5
HARE WILLIAM GEORGE,H,LIBERTARIAN PARTY,CT,5
BERNIER JUSTIN,H,REPUBLICAN PARTY,CT,5
CARTER DANIEL E,H,REPUBLICAN PARTY,CT,5
WESTBY KIE,H,REPUBLICAN PARTY,CT,5
GREENBERG MARK,H,REPUBLICAN PARTY,CT,5
EVANS WILLIAM J JR,H,REPUBLICAN PARTY,CT,5
CALIGIURI SAM,H,REPUBLICAN PARTY,CT,5
RODRIGUEZ RUBEN,H,REPUBLICAN PARTY,CT,5
SULLIVAN DAVID XAVIER,H,REPUBLICAN PARTY,CT,5
HYDE ROBERT FINLEY,H,REPUBLICAN PARTY,CT,5
MEEHAN RYAN,H,REPUBLICAN PARTY,CT,5
SCHAUS NICHOLAS,H,REPUBLICAN PARTY,CT,6
VALENTI PAUL U,H,DEMOCRATIC PARTY,CT,6
SINGLETON HARRY MICHAEL,H,REPUBLICAN PARTY,DC,0
KANE BETTY ANN,H,DEMOCRATIC PARTY,DC,0
NORTON ELEANOR HOLMES,H,DEMOCRATIC PARTY,DC,0
CHAMPAGNE JAMES E,H,REPUBLICAN PARTY,DC,0
TEMPLE DONALD MELVIN,H,DEMOCRATIC PARTY,DC,0
SIMMONS BARBARA LETT,H,DEMOCRATIC PARTY,DC,0
TUCKER STERLING,H,DEMOCRATIC PARTY,DC,0
YELDELL JOSEPH PHILLIP,H,DEMOCRATIC PARTY,DC,0
SLOAN DOUGLASS,H,DEMOCRATIC PARTY,DC,0
SMITH MARJORIE (MISSY) REILLY,H,REPUBLICAN PARTY,DC,0
FRANKLIN BARBARA WASHINGTON,H,INDEPENDENT,DC,0
KRUCOFF DAVID,H,INDEPENDENT,DC,0
WILLIAMS RALPH O,H,REPUBLICAN PARTY,DE,0
RAPPA DANIEL DOMINICK,H,DEMOCRATIC PARTY,DE,0
MILLER MICHEAL CARLTON SR,H,DEMOCRATIC PARTY,DE,0
CULLIS FREDERICK R,H,REPUBLICAN PARTY,DE,0
WANGEN BRENT,H,LIBERTARIAN PARTY,DE,0
WADE KEVIN LYNN,H,REPUBLICAN PARTY,DE,0
ROLLINS MICHELE M,H,REPUBLICAN PARTY,DE,0
CARNEY JOHN,H,DEMOCRATIC PARTY,DE,0
IZZO ROSE,H,DEMOCRATIC PARTY,DE,0
URQUHART GLEN,H,REPUBLICAN PARTY,DE,0
MORRIS MATTHEW MICHAEL HATHAWAY,H,REPUBLICAN PARTY,DE,0
PURCELL CATHERINE STONESTREET MS.,H,OTHER,DE,0
PEREZ DE VILLA-AMIL CARLOS ALBERTO GO,H,INDEPENDENT,DE,0
COUTU MARK STEVEN,H,DEMOCRATIC PARTY,FL,1
KRAUSE JOHN E,H,REPUBLICAN PARTY,FL,1
KETCHEL TERRY,H,REPUBLICAN PARTY,FL,1
CONDON BOB,H,REPUBLICAN PARTY,FL,1
KELLEY HENRY ARTHUR JR,H,UNKNOWN,FL,1
CANTRELL JOSEPH HENRY JR,H,INDEPENDENT,FL,1
ROMAGNANO CHASE ANDERSON ANDY REV.,H,REPUBLICAN PARTY,FL,1
MERK GREGORY CHARLES CHARLES,H,REPUBLICAN PARTY,FL,1
ORAM ALBERT,H,NO PARTY AFFILIATION,FL,1
BOYD BOB,H,DEMOCRATIC PARTY,FL,2
DODD DOUGLAS J,H,REPUBLICAN PARTY,FL,2
LAWSON ALFRED JR,H,DEMOCRATIC PARTY,FL,2
MCKAIN PAUL CRANDALL,H,OTHER,FL,2
MEECE CARL EDWARD JR,H,REPUBLICAN PARTY,FL,2
SOUTHERLAND WILLIAM STEVE II,H,REPUBLICAN PARTY,FL,2
RANSON CHARLES,H,REPUBLICAN PARTY,FL,2
NETHERWOOD RAYMOND HEATH,H,LIBERTARIAN PARTY,FL,19
SCHOLL DAVID EUGENE,H,REPUBLICAN PARTY,FL,2
OLSCHNER BARBARA F,H,REPUBLICAN PARTY,FL,2
BERRYHILL DIANNE JORDEN,H,NO PARTY AFFILIATION,FL,2
THRIPP KRISTY,H,DEMOCRATIC PARTY,FL,2
SULLIVAN ROD,H,REPUBLICAN PARTY,FL,3
CARROLL JENNIFER SANDRA,H,REPUBLICAN PARTY,FL,3
GILMAN JAMES NICHOLAS,H,REPUBLICAN PARTY,FL,3
MARTIN-BACK TERRY L,H,NO PARTY AFFILIATION,FL,3
KOLB EUNA LEANNE,H,REPUBLICAN PARTY,FL,5
BLACK DEAN A,H,REPUBLICAN PARTY,FL,3
NWASIKE C CHRISTIAN,H,REPUBLICAN PARTY,FL,3
FORTUNE SCOTT,H,DEMOCRATIC PARTY,FL,3
WELLS AMY POPE,H,REPUBLICAN PARTY,FL,3
CAMMACK KAT,H,REPUBLICAN PARTY,FL,3
CHRISTENSEN ADAM J,H,DEMOCRATIC PARTY,FL,3
ROLLINS GAVIN,H,REPUBLICAN PARTY,FL,3
ST. GEORGE JAMES,H,REPUBLICAN PARTY,FL,3
GIUNN KENT,H,REPUBLICAN PARTY,FL,3
BRADDY ED,H,REPUBLICAN PARTY,FL,3
CHAMBERLIN RYAN MR.,H,REPUBLICAN PARTY,FL,3
CHASE TODD,H,REPUBLICAN PARTY,FL,3
ENGELBRECHT CHARLES WILLIAM MR,H,REPUBLICAN PARTY,FL,3
THEUS DAVID,H,REPUBLICAN PARTY,FL,3
MILLADO JOE DALLAS,H,REPUBLICAN PARTY,FL,3
GRAY ROBERT WILLIAM JR,H,DEMOCRATIC PARTY,FL,4
PUESCHEL DEBORAH KATZ,H,WRITE-IN,FL,4
SANDERS KEVIN SCHAUN,H,DEMOCRATIC PARTY,FL,4
CRENSHAW ANDER,H,REPUBLICAN PARTY,FL,4
QUIGGLE DAN,H,REPUBLICAN PARTY,FL,4
SULLIVAN THOMAS HENRY,H,DEMOCRATIC PARTY,FL,4
STANLEY TROY DWAYNE,H,REPUBLICAN PARTY,FL,4
AGUILAR ERICK JAVIER,H,REPUBLICAN PARTY,FL,4
DEEGAN DONNA,H,DEMOCRATIC PARTY,FL,4
FISCHER OLIN RICHARD JR,H,DEMOCRATIC PARTY,FL,5
FLETCHER ROBERT B,H,DEMOCRATIC PARTY,FL,5
ENWALL PETER CHRISTIAN KENNETT,H,REPUBLICAN PARTY,FL,5
KING JAMES HENRY,H,REPUBLICAN PARTY,FL,5
DOOLAN THOMAS JOSEPH,H,DEMOCRATIC PARTY,FL,5
PICCILLO JAMES JOHN,H,DEMOCRATIC PARTY,FL,5
SAGER JASON PATRICK,H,REPUBLICAN PARTY,FL,5
NUGENT RICHARD B,H,REPUBLICAN PARTY,FL,11
CHESTER ALBERT II,H,DEMOCRATIC PARTY,FL,5
LUSK MATTHEW MR.,H,REPUBLICAN PARTY,FL,5
ADLER GARY,H,REPUBLICAN PARTY,FL,5
WAGONER JOHN ROGER,H,REPUBLICAN PARTY,FL,5
WOLLIN JOAN L,H,DEMOCRATIC PARTY,FL,6
JOHNSON ART,H,DEMOCRATIC PARTY,FL,6
YOST MICHAEL F ''MIKE'' F.,H,REPUBLICAN PARTY,FL,3
SCHONBERG STEVE,H,DEMOCRATIC PARTY,FL,11
BROWNING DONALD EDWARD,H,REPUBLICAN PARTY,FL,6
CURTIS CLINT,H,DEMOCRATIC PARTY,FL,6
THRIPP RICHARD,H,DEMOCRATIC PARTY,FL,6
NOLAN JOHN GERARD MR.,H,NO PARTY AFFILIATION,FL,6
VAUGHEN DANIEL RICHARD,H,DEMOCRATIC PARTY,FL,7
BACON STEPHEN,H,OTHER,FL,7
SILVA PETER,H,DEMOCRATIC PARTY,FL,7
BEAVEN HEATHER M,H,DEMOCRATIC PARTY,FL,6
SALADO ARMANI,H,REPUBLICAN PARTY,FL,7
EDWARDS JANET,H,REPUBLICAN PARTY,FL,7
THIBODEAU MIKE,H,REPUBLICAN PARTY,FL,7
GOBLE RICHARD,H,REPUBLICAN PARTY,FL,7
VALENTIN LEO,H,REPUBLICAN PARTY,FL,7
ZHAO YUKONG,H,REPUBLICAN PARTY,FL,7
DIANGELUS JEAN ROCHELLE CHELLE,H,REPUBLICAN PARTY,FL,7
JACKSON SEAN,H,REPUBLICAN PARTY,FL,7
GARLINGTON WILLIAM,H,NO PARTY AFFILIATION,FL,7
FIGUEIREDO PEDRO NORMAN PH.D.,H,DEMOCRATIC PARTY,FL,7
PEREZ HECTOR A TICO,H,REPUBLICAN PARTY,FL,8
KELLER RICHARD ANTHONY,H,REPUBLICAN PARTY,FL,6
SUBLETTE WILLIAM E,H,REPUBLICAN PARTY,FL,8
HERING ROBERT (BOB) NELSON JR,H,REPUBLICAN PARTY,FL,8
CHAPIN LINDA W,H,DEMOCRATIC PARTY,FL,8
FANELLI DANIEL ROY,H,REPUBLICAN PARTY,FL,8
SULLIVAN PATRICIA ANNE,H,REPUBLICAN PARTY,FL,8
DUNMIRE PEG,H,REPUBLICAN PARTY,FL,8
GUTIERREZ ARMANDO JR,H,REPUBLICAN PARTY,FL,8
BUTLER KEVIN MICHAEL,H,REPUBLICAN PARTY,FL,8
KELLY KURT,H,REPUBLICAN PARTY,FL,8
ODONOGHUE WILLIAM BRUCE,H,REPUBLICAN PARTY,FL,8
TYSALL TERRENCE NEAL SR,H,REPUBLICAN PARTY,FL,8
BIELING ROSS PARKER,H,REPUBLICAN PARTY,FL,8
WEBSTER DANIEL,H,REPUBLICAN PARTY,FL,11
METCALFE GEORGE L,H,INDEPENDENT,FL,8
KENNEDY JAMES,H,DEMOCRATIC PARTY,FL,8
CAINE SCOTT,H,REPUBLICAN PARTY,FL,8
KNAPP CHERYL,H,DEMOCRATIC PARTY,FL,12
FREEHAFER JOHN RICHARD,H,REPUBLICAN PARTY,FL,9
DUFFEY JON SCOTT,H,REFORM PARTY,FL,9
HINDAHL PHIL,H,DEMOCRATIC PARTY,FL,9
ORTIZ SERGIO E,H,REPUBLICAN PARTY,FL,9
OLSON WILLIAM,H,REPUBLICAN PARTY,FL,9
CASTILLO JOSE,H,REPUBLICAN PARTY,FL,9
WRIGHT CHRISTOPHER ROBERT,H,REPUBLICAN PARTY,FL,9
HEINE RANDY,H,NONE,FL,10
GREEN JOSETTE,H,NATURAL LAW PARTY,FL,10
JUSTICE CHARLIE,H,DEMOCRATIC PARTY,FL,10
FORCADE ERIC LEE,H,REPUBLICAN PARTY,FL,10
TROEN KIRK,H,REPUBLICAN PARTY,FL,10
LAWSON KRISTOFER STEVEN,H,INDEPENDENT,FL,10
MONTAGUE WILLIE,H,REPUBLICAN PARTY,FL,10
BACCHUS JAMES L,H,DEMOCRATIC PARTY,FL,15
PEARLMAN MEL,H,REPUBLICAN PARTY,FL,11
OLIVER LEWIS M III (LEW OLIVER),H,REPUBLICAN PARTY,FL,8
FILIBERTO FRANK P MD,H,REPUBLICAN PARTY,FL,11
VOGT JOHN W,H,REPUBLICAN PARTY,FL,11
WHARTON BONNIE,H,REPUBLICAN PARTY,FL,11
WESTLAKE CHARLES C,H,LIBERTARIAN PARTY,FL,11
STANFORD STEVEN CRAIG,H,REPUBLICAN PARTY,FL,11
BUNTYN TONY,H,REPUBLICAN PARTY,FL,11
PRENDERGAST MIKE,H,REPUBLICAN PARTY,FL,11
CASTELLANO THOMAS CLARK,H,NONE,FL,11
CURTIS TIMOTHY LYNN,H,DEMOCRATIC PARTY,FL,11
RABINOWITZ JEFFREY G,H,DEMOCRATIC PARTY,FL,11
SHAW E CLAY JR,H,REPUBLICAN PARTY,FL,22
BECKER ALAN S,H,DEMOCRATIC PARTY,FL,16
BOYLES KEVAN,H,REPUBLICAN PARTY,FL,12
PUTNAM ADAM H,H,REPUBLICAN PARTY,FL,12
SEAR R OWEN,H,REPUBLICAN PARTY,FL,12
KENNEDY DONALD G,H,DEMOCRATIC PARTY,FL,12
STEDEM MICHAEL DANIEL,H,DEMOCRATIC PARTY,FL,12
ROSS DENNIS ALAN,H,REPUBLICAN PARTY,FL,15
EDWARDS LORI,H,DEMOCRATIC PARTY,FL,12
SNIDER THOMAS K,H,LIBERTARIAN PARTY,FL,12
WILKINSON RANDY,H,REPUBLICAN PARTY,FL,12
EDWARDS RANDOLPH,H,DEMOCRATIC PARTY,FL,12
LINDSEY JOHN W JR,H,REPUBLICAN PARTY,FL,12
SMITH ZACHARY,H,REPUBLICAN PARTY,FL,12
KING JAMES H,H,INDEPENDENT,FL,14
DUNN DANIEL E,H,DEMOCRATIC PARTY,FL,13
SALZBERG ROBERT BARRY,H,DEMOCRATIC PARTY,FL,13
GOLDEN JAMES THEOPOLIS,H,DEMOCRATIC PARTY,FL,13
EATON RICHARD CHRISTOPHER,H,DEMOCRATIC PARTY,FL,13
GRIFFIN SHEILA,H,REPUBLICAN PARTY,FL,13
MAKKI AMANDA,H,REPUBLICAN PARTY,FL,13
BECKER MATT,H,REPUBLICAN PARTY,FL,13
PAULINA LUNA ANNA,H,REPUBLICAN PARTY,FL,13
NEWBY SHARON BARRY,H,REPUBLICAN PARTY,FL,13
SACRAMENTO NICOLAS,H,REPUBLICAN PARTY,FL,13
SHORE HOWARD SCOTT,H,REPUBLICAN PARTY,FL,14
FARLING SAM,H,NATURAL LAW PARTY,FL,14
ROACH JAMES LLOYD,H,DEMOCRATIC PARTY,FL,19
ST CLAIRE WILLIAM MAVERICK,H,UNKNOWN,FL,14
ELLIOTT PAUL SIDNEY,H,REPUBLICAN PARTY,FL,14
NEWBY GERRY L,H,REPUBLICAN PARTY,FL,15
KURTH PATSY ANN,H,DEMOCRATIC PARTY,FL,15
ROBERTS SHANNON,H,DEMOCRATIC PARTY,FL,8
PHILIPPE JESSE,H,DEMOCRATIC PARTY,FL,15
HATTERSLEY ADAM ROGER,H,DEMOCRATIC PARTY,FL,15
FRANKLIN SCOTT MR.,H,REPUBLICAN PARTY,FL,18
BROWN JEAN ELLIOTT,H,DEMOCRATIC PARTY,FL,16
MCGUIRE JOHN MICHAEL,H,REFORM PARTY,FL,16
CRAFT CHRISTOPHER LEE,H,DEMOCRATIC PARTY,FL,16
HORN JIM,H,DEMOCRATIC PARTY,FL,18
TAUTIVA ED,H,DEMOCRATIC PARTY,FL,16
GOOD MARGARET ELIZABETH ROWELL,H,DEMOCRATIC PARTY,FL,16
RODNEY EARL,H,REPUBLICAN PARTY,FL,22
WILLIAMS ANDRE LEWIS,H,DEMOCRATIC PARTY,FL,17
ROBERSON YOLLY,H,DEMOCRATIC PARTY,FL,17
BASTIEN MARLEINE M,H,DEMOCRATIC PARTY,FL,17
WILSON FREDERICA S.,H,DEMOCRATIC PARTY,FL,24
BRUTUS PHILLIP J,H,DEMOCRATIC PARTY,FL,17
GIBSON SHIRLEY,H,DEMOCRATIC PARTY,FL,17
VEREEN RODERICK D,H,DEMOCRATIC PARTY,FL,17
MOISE RUDOLPH,H,DEMOCRATIC PARTY,FL,24
GALVIN SCOTT,H,DEMOCRATIC PARTY,FL,17
POITIER COREY B,H,REPUBLICAN PARTY,FL,17
ELLISON ALLEN,H,DEMOCRATIC PARTY,FL,17
EVANS CHARLES RAY,H,UNKNOWN,FL,17
ROSSER JOHN PAUL,H,DEMOCRATIC PARTY,FL,18
ANSCHER BERNARD,H,INDEPENDENT,FL,22
DUNN MARVIN,H,DEMOCRATIC PARTY,FL,18
KENNEDY ROSARIO,H,DEMOCRATIC PARTY,FL,18
MASVIDAL RAUL P,H,DEMOCRATIC PARTY,FL,18
PEPPER JO ANN,H,DEMOCRATIC PARTY,FL,18
RICHMAN GERALD F,H,DEMOCRATIC PARTY,FL,18
WRIGHT SONNY,H,DEMOCRATIC PARTY,FL,18
PEREZ CARLOS,H,REPUBLICAN PARTY,FL,18
STEMBRIDGE JOHN MADISON,H,REPUBLICAN PARTY,FL,18
BANCIELLA ROLANDO A,H,DEMOCRATIC PARTY,FL,18
VESSIO NICHOLAS P,H,REPUBLICAN PARTY,FL,18
VAZQUEZ OSVALDO,H,DEMOCRATIC PARTY,FL,18
KEITH PAMELA M.,H,DEMOCRATIC PARTY,FL,18
ALLEN BOB,H,REPUBLICAN PARTY,FL,19
PRICE CURT,H,REPUBLICAN PARTY,FL,19
BUDD JOSEPH E,H,UNKNOWN,FL,19
DEUTCH THEODORE ELIOT,H,DEMOCRATIC PARTY,FL,22
MCCORMICK JIM,H,NO PARTY AFFILIATION,FL,19
BANYAI CINDY LYN,H,DEMOCRATIC PARTY,FL,19
FIGLESTHALER WILLIAM MATTHEW MD,H,REPUBLICAN PARTY,FL,19
SEVERSON DANIEL MARK,H,REPUBLICAN PARTY,FL,19
HOLDEN DAVID,H,DEMOCRATIC PARTY,FL,19
AQUINO DARREN DIONE MR.,H,REPUBLICAN PARTY,FL,25
O'CONNELL FORD,H,REPUBLICAN PARTY,FL,19
HENDERSON RANDY,H,REPUBLICAN PARTY,FL,19
FITZENHAGEN HEATHER,H,REPUBLICAN PARTY,FL,19
ASKAR CASEY,H,REPUBLICAN PARTY,FL,19
KOWAL DANIEL,H,REPUBLICAN PARTY,FL,19
GUNZBURGER SUZANNE N,H,DEMOCRATIC PARTY,FL,20
LOWRY ROBERT PAUL,H,REPUBLICAN PARTY,FL,20
HARRINGTON KAREN,H,REPUBLICAN PARTY,FL,23
KUNST ROBERT,H,NONE,FL,20
MILO DONNA E,H,REPUBLICAN PARTY,FL,20
BLUMENTHAL STANLEY,H,OTHER,FL,25
JONES LATERESA ANN,H,REPUBLICAN PARTY,FL,9
MUSSELWHITE GREGORY WAYNE SR.,H,REPUBLICAN PARTY,FL,20
MODY ROSHAN,H,DEMOCRATIC PARTY,FL,20
DEGRAMMONT VIC,H,REPUBLICAN PARTY,FL,20
SANCHEZ WILLAIM,H,DEMOCRATIC PARTY,FL,21
ACOSTA CHRISTIAN F.,H,REPUBLICAN PARTY,FL,21
BLUEMING JR MICHAEL JOESPH,H,REPUBLICAN PARTY,FL,21
DA ROSA VICTOR GARCIA,H,REPUBLICAN PARTY,FL,21
SCANLAN AARON,H,REPUBLICAN PARTY,FL,21
LOOMER LAURA,H,REPUBLICAN PARTY,FL,11
VILARDI MICHAEL,H,REPUBLICAN PARTY,FL,21
FELTON ELIZABETH,H,REPUBLICAN PARTY,FL,21
SHERRILL REBA,H,REPUBLICAN PARTY,FL,21
BLUEMLING MICHAEL JOSEPH JR,H,REPUBLICAN PARTY,FL,21
WEISS GUIDO,H,DEMOCRATIC PARTY,FL,21
MALKEMUS CHARLESTON,H,NO PARTY AFFILIATION,FL,21
RAYSON JOHN C,H,DEMOCRATIC PARTY,FL,22
BLOOM ELAINE,H,DEMOCRATIC PARTY,FL,22
REYES OMAR,H,INDEPENDENT,FL,22
MELTON JESSICA MS.,H,REPUBLICAN PARTY,FL,22
SWAFFAR DARLENE,H,REPUBLICAN PARTY,FL,22
PRUDEN JAMES L.,H,REPUBLICAN PARTY,FL,23
SCOTT CHRISTINE,H,NO PARTY AFFILIATION,FL,23
FLYNN FRAN,H,REPUBLICAN PARTY,FL,22
LAURIE CHARLES LOUIS III,H,REPUBLICAN PARTY,FL,23
